{"cameraMode":{"drawMode":0,"name":"Shaded","section":"Shading Mode"},"sceneLighting":false,"audioPlay":false,"sceneViewState":{"m_AlwaysRefresh":false,"showFog":false,"showSkybox":false,"showFlares":false,"showImageEffects":false,"showParticleSystems":false,"showVisualEffectGraphs":true,"m_FxEnabled":true},"in2DMode":false,"pivot":{"x":-0.22880610823631288,"y":1.1130205392837525,"z":-1.0040740966796876},"rotation":{"x":-0.23603405058383943,"y":0.04109656810760498,"z":-0.009991604834794999,"w":-0.9708243608474731},"size":1.2600421905517579,"orthographic":false}